customer_id,first_name,last_name,store_id,rental_count
1,MARY,SMITH,1,32
2,PATRICIA,JOHNSON,1,27
5,ELIZABETH,BROWN,1,38
6,JENNIFER,DAVIS,2,28
7,MARIA,MILLER,1,33
12,NANCY,THOMAS,1,28
13,KAREN,JACKSON,2,27
14,BETTY,WHITE,2,28
15,HELEN,HARRIS,1,32
16,SANDRA,MARTIN,2,28
20,SHARON,ROBINSON,2,30
21,MICHELLE,CLARK,1,35
23,SARAH,LEWIS,2,30
25,DEBORAH,WALKER,1,29
26,JESSICA,HALL,2,34
27,SHIRLEY,ALLEN,2,31
28,CYNTHIA,YOUNG,1,32
29,ANGELA,HERNANDEZ,2,36
30,MELISSA,KING,1,34
32,AMY,LOPEZ,1,29
35,VIRGINIA,GREEN,2,32
36,KATHLEEN,ADAMS,2,27
38,MARTHA,GONZALEZ,1,34
39,DEBRA,NELSON,1,29
40,AMANDA,CARTER,2,27
42,CAROLYN,PEREZ,2,30
45,JANET,PHILLIPS,1,27
46,CATHERINE,CAMPBELL,2,34
49,JOYCE,EDWARDS,2,28
50,DIANE,COLLINS,1,35
51,ALICE,STEWART,1,33
52,JULIE,SANCHEZ,1,29
53,HEATHER,MORRIS,1,30
54,TERESA,ROGERS,1,29
56,GLORIA,COOK,1,30
57,EVELYN,MORGAN,2,28
58,JEAN,BELL,1,27
59,CHERYL,MURPHY,1,27
64,JUDITH,COX,2,33
66,JANICE,WARD,2,34
71,KATHY,JAMES,1,30
72,THERESA,WATSON,2,30
74,DENISE,KELLY,1,27
75,TAMMY,SANDERS,2,41
77,JANE,BENNETT,2,28
78,LORI,WOOD,1,31
80,MARILYN,ROSS,1,30
84,SARA,PERRY,2,33
86,JACQUELINE,LONG,2,33
87,WANDA,PATTERSON,1,30
89,JULIA,FLORES,1,32
90,RUBY,WASHINGTON,2,28
91,LOIS,BUTLER,2,35
92,TINA,SIMMONS,2,28
96,DIANA,ALEXANDER,1,27
102,CRYSTAL,FORD,1,33
103,GLADYS,HAMILTON,1,31
107,FLORENCE,WOODS,1,30
108,TRACY,COLE,1,30
112,ROSA,REYNOLDS,2,30
113,CINDY,FISHER,2,29
114,GRACE,ELLIS,2,33
115,WENDY,HARRISON,1,30
116,VICTORIA,GIBSON,1,27
119,SHERRY,MARSHALL,1,34
120,SYLVIA,ORTIZ,2,32
122,THELMA,MURRAY,1,32
125,ETHEL,WEBB,1,32
126,ELLEN,SIMPSON,1,28
128,MARJORIE,TUCKER,1,32
129,CARRIE,PORTER,1,34
131,MONICA,HICKS,2,30
132,ESTHER,CRAWFORD,2,28
133,PAULINE,HENRY,1,27
135,JUANITA,MASON,2,30
137,RHONDA,KENNEDY,2,39
138,HAZEL,WARREN,1,34
139,AMBER,DIXON,1,27
141,DEBBIE,REYES,1,32
144,CLARA,SHAW,1,42
145,LUCILLE,HOLMES,1,28
146,JAMIE,RICE,1,29
147,JOANNE,ROBERTSON,2,34
148,ELEANOR,HUNT,1,46
151,MEGAN,PALMER,2,27
154,MICHELE,GRANT,2,30
157,DARLENE,ROSE,2,31
158,VERONICA,STONE,1,32
160,ERIN,DUNN,2,27
161,GERALDINE,PERKINS,1,30
163,CATHY,SPENCER,1,29
166,LYNN,PAYNE,1,28
167,SALLY,PIERCE,2,32
168,REGINA,BERRY,1,34
172,BERNICE,WILLIS,1,33
173,AUDREY,RAY,1,29
176,JUNE,CARROLL,1,37
178,MARION,SNYDER,2,39
179,DANA,HART,1,29
181,ANA,BRADLEY,2,34
186,HOLLY,FOX,2,31
187,BRITTANY,RILEY,2,28
190,YOLANDA,WEAVER,2,27
196,ALMA,AUSTIN,1,35
197,SUE,PETERS,2,40
198,ELSIE,KELLEY,2,37
200,JEANNE,LAWSON,2,27
204,ROSEMARY,SCHMIDT,1,35
206,TERRI,VASQUEZ,1,27
207,GERTRUDE,CASTILLO,1,34
209,TONYA,CHAPMAN,2,32
210,ELLA,OLIVER,2,31
211,STACEY,MONTGOMERY,1,34
213,GINA,WILLIAMSON,1,28
214,KRISTIN,JOHNSTON,1,31
220,CHARLENE,ALVAREZ,2,27
221,BESSIE,MORRISON,1,28
228,ALLISON,STANLEY,2,27
230,JOY,GEORGE,2,33
236,MARCIA,DEAN,1,42
237,TANYA,GILBERT,1,33
239,MINNIE,ROMERO,2,34
241,HEIDI,LARSON,2,34
242,GLENDA,FRAZIER,1,32
244,VIOLA,HANSON,2,32
245,COURTNEY,DAY,1,32
251,VICKIE,BREWER,2,31
253,TERRY,CARLSON,1,29
254,MAXINE,SILVA,2,32
256,MABEL,HOLLAND,2,30
257,MARSHA,DOUGLAS,2,37
259,LENA,JENSEN,2,32
260,CHRISTY,VARGAS,1,31
262,PATSY,DAVIDSON,2,28
263,HILDA,HOPKINS,1,29
265,JENNIE,TERRY,2,29
266,NORA,HERRERA,2,28
267,MARGIE,WADE,1,36
268,NINA,SOTO,1,29
269,CASSANDRA,WALTERS,1,30
273,PRISCILLA,LOWE,2,35
274,NAOMI,JENNINGS,1,35
275,CAROLE,BARNETT,2,30
276,BRANDY,GRAVES,1,28
277,OLGA,JIMENEZ,2,32
279,DIANNE,SHELTON,2,31
280,TRACEY,BARRETT,2,27
282,JENNY,CASTRO,2,27
283,FELICIA,SUTTON,1,28
284,SONIA,GREGORY,1,28
286,VELMA,LUCAS,1,27
287,BECKY,MILES,2,29
289,VIOLET,RODRIQUEZ,1,30
290,KRISTINA,CHAMBERS,1,28
292,MISTY,LAMBERT,2,27
293,MAE,FLETCHER,2,31
295,DAISY,BATES,1,38
296,RAMONA,HALE,2,30
297,SHERRI,RHODES,1,33
299,JAMES,GANNON,2,30
300,JOHN,FARNSWORTH,1,31
302,MICHAEL,SILVERMAN,1,29
306,CHARLES,KOWALSKI,1,32
307,JOSEPH,JOY,2,30
309,CHRISTOPHER,GRECO,1,31
314,GEORGE,LINTON,1,33
316,STEVEN,CURLEY,1,29
317,EDWARD,BAUGH,2,28
319,RONALD,WEINER,2,30
322,JASON,MORRISSEY,1,28
323,MATTHEW,MAHAN,2,31
329,FRANK,WAGGONER,2,32
331,ERIC,ROBERT,1,27
332,STEPHEN,QUALLS,1,28
333,ANDREW,PURDY,2,27
334,RAYMOND,MCWHORTER,2,30
336,JOSHUA,MARK,1,30
337,JERRY,JORDON,1,29
338,DENNIS,GILMAN,1,28
339,WALTER,PERRYMAN,2,30
340,PATRICK,NEWSOM,1,31
342,HAROLD,MARTINO,1,32
346,ARTHUR,SIMPKINS,1,32
347,RYAN,SALISBURY,2,30
348,ROGER,QUINTANILLA,2,36
349,JOE,GILLILAND,2,29
354,JUSTIN,NGO,2,36
356,GERALD,FULTZ,2,30
360,RALPH,MADRIGAL,2,34
361,LAWRENCE,LAWTON,2,31
362,NICHOLAS,BARFIELD,1,32
363,ROY,WHITING,2,29
366,BRANDON,HUEY,1,37
368,HARRY,ARCE,1,35
371,BILLY,POULIN,1,35
372,STEVE,MACKENZIE,2,34
373,LOUIS,LEONE,1,35
374,JEREMY,HURTADO,2,28
376,RANDY,GAITHER,1,28
380,RUSSELL,BRINSON,1,36
381,BOBBY,BOUDREAU,2,35
383,MARTIN,BALES,1,27
386,TODD,TAN,1,29
388,CRAIG,MORRELL,2,30
390,SHAWN,HEATON,1,33
391,CLARENCE,GAMEZ,1,30
393,PHILIP,CAUSEY,1,31
396,EARL,SHANKS,1,27
397,JIMMY,SCHRADER,1,29
400,BRYAN,HARDISON,2,28
403,MIKE,WAY,1,35
404,STANLEY,SCROGGINS,2,30
405,LEONARD,SCHOFIELD,1,32
406,NATHAN,RUNYON,1,32
407,DALE,RATCLIFF,1,27
408,MANUEL,MURRELL,1,30
410,CURTIS,IRBY,2,38
416,JEFFERY,PINSON,2,31
418,JEFF,EAST,2,30
421,LEE,HAWKS,1,27
424,KYLE,SPURLOCK,2,30
426,BRADLEY,MOTLEY,1,27
434,EDDIE,TOMLIN,1,27
436,TROY,QUIGLEY,1,30
438,BARRY,LOVELACE,1,33
439,ALEXANDER,FENNELL,2,36
441,MARIO,CHEATHAM,1,28
442,LEROY,BUSTAMANTE,1,32
444,MARCUS,HIDALGO,2,30
446,THEODORE,CULP,2,31
447,CLIFFORD,BOWENS,1,29
448,MIGUEL,BETANCOURT,1,29
451,JIM,REA,1,33
452,TOM,MILNER,1,32
454,ALEX,GRESHAM,2,33
457,BILL,GAVIN,2,28
459,TOMMY,COLLAZO,1,38
461,DEREK,BLAKELY,1,28
462,WARREN,SHERROD,2,33
467,ALVIN,DELOACH,2,29
468,TIM,CARY,1,39
469,WESLEY,BULL,2,40
470,GORDON,ALLARD,1,32
471,DEAN,SAUER,1,27
472,GREG,ROBINS,1,30
473,JORGE,OLIVARES,2,34
479,ZACHARY,HITE,1,31
481,HERMAN,DEVORE,1,29
482,MAURICE,CRAWLEY,1,29
484,ROBERTO,VU,1,30
485,CLYDE,TOBIAS,1,29
491,RICK,MATTOX,2,27
494,RAMON,CHOATE,2,31
497,GILBERT,SLEDGE,2,28
498,GENE,SANBORN,1,27
499,MARC,OUTLAW,2,30
500,REGINALD,KINDER,1,28
502,BRETT,CORNWELL,1,34
503,ANGEL,BARCLAY,1,32
504,NATHANIEL,ADAM,1,28
506,LESLIE,SEWARD,2,35
513,DUANE,TUBBS,2,31
515,ANDRE,RAPP,1,28
520,MITCHELL,WESTMORELAND,2,32
522,ARNOLD,HAVENS,2,33
526,KARL,SEAL,2,45
529,ERIK,GUILLEN,2,29
532,NEIL,RENNER,2,32
533,JESSIE,MILAM,1,33
535,JAVIER,ELROD,1,32
538,TED,BREAUX,2,29
550,GUY,BROWNLEE,2,32
558,JIMMIE,EGGLESTON,1,28
559,EVERETT,BANDA,2,28
560,JORDAN,ARCHULETA,1,30
561,IAN,STILL,2,27
563,KEN,PREWITT,2,29
565,JAIME,NETTLES,2,29
566,CASEY,MENA,1,34
569,DAVE,GARDINER,2,32
573,BYRON,BOX,1,29
574,JULIAN,VEST,2,28
575,ISAAC,OGLESBY,2,29
576,MORRIS,MCCARTER,2,34
577,CLIFTON,MALCOLM,2,27
579,DARYL,LARUE,2,27
580,ROSS,GREY,1,27
581,VIRGIL,WOFFORD,1,27
584,SALVADOR,TEEL,2,30
588,MARION,OCAMPO,1,29
589,TRACY,HERRMANN,1,28
591,KENT,ARSENAULT,1,27
592,TERRANCE,ROUSH,1,29
594,EDUARDO,HIATT,1,27
595,TERRENCE,GUNDERSON,1,30
596,ENRIQUE,FORSYTHE,1,28
