category_name,category_revenue,total_store_revenue,revenue_contribution_percentage
Sports,5314.21,67406.56,7.88
Sci-Fi,4756.98,67406.56,7.06
Animation,4656.30,67406.56,6.91
Drama,4587.39,67406.56,6.81
Comedy,4383.58,67406.56,6.50
Action,4375.85,67406.56,6.49
New,4351.62,67406.56,6.46
Games,4281.33,67406.56,6.35
Foreign,4270.67,67406.56,6.34
Family,4226.07,67406.56,6.27
Documentary,4217.52,67406.56,6.26
Horror,3722.54,67406.56,5.52
Children,3655.55,67406.56,5.42
Classics,3639.59,67406.56,5.40
Travel,3549.64,67406.56,5.27
Music,3417.72,67406.56,5.07
